dir,angle,regime
0,-60.0,8f5f8896
0,-40.0,130a4b2d
0,-30.0,eda501fb
0,-20.0,52d60b7c
0,-10.0,651510e7
0,-5.0,651510e7
0,-2.0,651510e7
0,-1.0,1877122a
0,0.0,1877122a
0,1.0,1877122a
0,2.0,1877122a
0,5.0,1877122a
0,10.0,1877122a
0,20.0,d59e8517
0,30.0,47ff5c6f
0,40.0,ad0e63ef
0,60.0,72cf5750
1,-60.0,9da2d581
1,-40.0,026a326f
1,-30.0,49875fd2
1,-20.0,314ecf50
1,-10.0,1877122a
1,-5.0,1877122a
1,-2.0,1877122a
1,-1.0,1877122a
1,0.0,1877122a
1,1.0,651510e7
1,2.0,651510e7
1,5.0,651510e7
1,10.0,651510e7
1,20.0,359c975e
1,30.0,3ee1cd5f
1,40.0,d0d2fcf3
1,60.0,2c616b9d
2,-60.0,c8ded4fa
2,-40.0,86e20953
2,-30.0,1877122a
2,-20.0,1877122a
2,-10.0,1877122a
2,-5.0,1877122a
2,-2.0,1877122a
2,-1.0,1877122a
2,0.0,1877122a
2,1.0,1877122a
2,2.0,1877122a
2,5.0,1877122a
2,10.0,1877122a
2,20.0,1877122a
2,30.0,a4983229
2,40.0,354d9fe0
2,60.0,7d2de43c
3,-60.0,a74d35b1
3,-40.0,4ac8a8a5
3,-30.0,e63adf6f
3,-20.0,eda501fb
3,-10.0,628d9194
3,-5.0,651510e7
3,-2.0,651510e7
3,-1.0,651510e7
3,0.0,1877122a
3,1.0,1877122a
3,2.0,1877122a
3,5.0,1877122a
3,10.0,dfbded5f
3,20.0,dfbded5f
3,30.0,441e35ee
3,40.0,d9b2d4a3
3,60.0,515968f2
4,-60.0,a3908edb
4,-40.0,256886ef
4,-30.0,1877122a
4,-20.0,ad6fdf58
4,-10.0,1877122a
4,-5.0,1877122a
4,-2.0,1877122a
4,-1.0,1877122a
4,0.0,1877122a
4,1.0,1877122a
4,2.0,c7ad87e3
4,5.0,c7ad87e3
4,10.0,c7ad87e3
4,20.0,87854656
4,30.0,87854656
4,40.0,e6f6c249
4,60.0,f0894181
5,-60.0,faa429ff
5,-40.0,b44d248f
5,-30.0,7b8b52dd
5,-20.0,d9b2d4a3
5,-10.0,dfbded5f
5,-5.0,1877122a
5,-2.0,1877122a
5,-1.0,1877122a
5,0.0,1877122a
5,1.0,651510e7
5,2.0,651510e7
5,5.0,651510e7
5,10.0,651510e7
5,20.0,d59e8517
5,30.0,56c77419
5,40.0,a7f88dcb
5,60.0,0365917e
6,-60.0,ac8c15bb
6,-40.0,00eaa3e6
6,-30.0,1877122a
6,-20.0,1877122a
6,-10.0,651510e7
6,-5.0,651510e7
6,-2.0,651510e7
6,-1.0,1877122a
6,0.0,1877122a
6,1.0,1877122a
6,2.0,1877122a
6,5.0,1877122a
6,10.0,1877122a
6,20.0,dfbded5f
6,30.0,bef1d299
6,40.0,aad9e60c
6,60.0,c076df4b
7,-60.0,9da2d581
7,-40.0,e33c3f88
7,-30.0,49875fd2
7,-20.0,651510e7
7,-10.0,c7ad87e3
7,-5.0,c7ad87e3
7,-2.0,651510e7
7,-1.0,651510e7
7,0.0,1877122a
7,1.0,1877122a
7,2.0,1877122a
7,5.0,1877122a
7,10.0,1877122a
7,20.0,441e35ee
7,30.0,c6541068
7,40.0,3380caac
7,60.0,4bb04612
8,-60.0,8b5ef495
8,-40.0,8e2aac57
8,-30.0,d9b2d4a3
8,-20.0,1877122a
8,-10.0,1877122a
8,-5.0,1877122a
8,-2.0,1877122a
8,-1.0,1877122a
8,0.0,1877122a
8,1.0,1877122a
8,2.0,1877122a
8,5.0,1877122a
8,10.0,1877122a
8,20.0,9e7882ce
8,30.0,f36548eb
8,40.0,39ae2242
8,60.0,dc651008
9,-60.0,ae8c3b0d
9,-40.0,272411e4
9,-30.0,fb915feb
9,-20.0,229bce1b
9,-10.0,1877122a
9,-5.0,1877122a
9,-2.0,1877122a
9,-1.0,1877122a
9,0.0,1877122a
9,1.0,1877122a
9,2.0,651510e7
9,5.0,c7ad87e3
9,10.0,c7ad87e3
9,20.0,1877122a
9,30.0,74b30710
9,40.0,2d904171
9,60.0,841060b1
10,-60.0,44a9cb4a
10,-40.0,788dc7d2
10,-30.0,511e3578
10,-20.0,49875fd2
10,-10.0,1877122a
10,-5.0,1877122a
10,-2.0,1877122a
10,-1.0,1877122a
10,0.0,1877122a
10,1.0,1877122a
10,2.0,1877122a
10,5.0,1877122a
10,10.0,1877122a
10,20.0,203a1db7
10,30.0,1dd9d3c3
10,40.0,1dd9d3c3
10,60.0,2e7a4fa9
11,-60.0,f0487c3f
11,-40.0,84eef79c
11,-30.0,d9b2d4a3
11,-20.0,c54d4749
11,-10.0,dfbded5f
11,-5.0,1877122a
11,-2.0,1877122a
11,-1.0,1877122a
11,0.0,1877122a
11,1.0,651510e7
11,2.0,651510e7
11,5.0,651510e7
11,10.0,651510e7
11,20.0,eda501fb
11,30.0,49875fd2
11,40.0,e68b42d2
11,60.0,de90e680
12,-60.0,c4ed5eb4
12,-40.0,78fecf4a
12,-30.0,87854656
12,-20.0,87854656
12,-10.0,628d9194
12,-5.0,c7ad87e3
12,-2.0,651510e7
12,-1.0,651510e7
12,0.0,1877122a
12,1.0,1877122a
12,2.0,1877122a
12,5.0,dfbded5f
12,10.0,dfbded5f
12,20.0,d59e8517
12,30.0,e66aa76a
12,40.0,fac09868
12,60.0,994fa193
13,-60.0,7da740a3
13,-40.0,292ef821
13,-30.0,1877122a
13,-20.0,c54d4749
13,-10.0,1877122a
13,-5.0,1877122a
13,-2.0,1877122a
13,-1.0,1877122a
13,0.0,1877122a
13,1.0,651510e7
13,2.0,651510e7
13,5.0,628d9194
13,10.0,628d9194
13,20.0,628d9194
13,30.0,87854656
13,40.0,48f04849
13,60.0,6fa29929
14,-60.0,5b691ee2
14,-40.0,2bf294a1
14,-30.0,653b8a1b
14,-20.0,203a1db7
14,-10.0,c7ad87e3
14,-5.0,c7ad87e3
14,-2.0,c7ad87e3
14,-1.0,1877122a
14,0.0,1877122a
14,1.0,1877122a
14,2.0,1877122a
14,5.0,1877122a
14,10.0,1877122a
14,20.0,876e5107
14,30.0,f36e3d85
14,40.0,e7415213
14,60.0,a9784f3a
15,-60.0,8223e845
15,-40.0,d0d9e460
15,-30.0,87854656
15,-20.0,87854656
15,-10.0,628d9194
15,-5.0,651510e7
15,-2.0,1877122a
15,-1.0,1877122a
15,0.0,1877122a
15,1.0,1877122a
15,2.0,1877122a
15,5.0,1877122a
15,10.0,1877122a
15,20.0,d59e8517
15,30.0,229bce1b
15,40.0,e7415213
15,60.0,b6b59b90
16,-60.0,c8397269
16,-40.0,3e3662ba
16,-30.0,1877122a
16,-20.0,1877122a
16,-10.0,1877122a
16,-5.0,1877122a
16,-2.0,1877122a
16,-1.0,1877122a
16,0.0,1877122a
16,1.0,1877122a
16,2.0,1877122a
16,5.0,651510e7
16,10.0,651510e7
16,20.0,1877122a
16,30.0,1877122a
16,40.0,7642fc7e
16,60.0,8ecab418
17,-60.0,b65da849
17,-40.0,1877122a
17,-30.0,7943ec8c
17,-20.0,38a01b62
17,-10.0,651510e7
17,-5.0,651510e7
17,-2.0,1877122a
17,-1.0,1877122a
17,0.0,1877122a
17,1.0,1877122a
17,2.0,1877122a
17,5.0,1877122a
17,10.0,1877122a
17,20.0,1877122a
17,30.0,a64a81e4
17,40.0,ca5c6d73
17,60.0,12b83800
18,-60.0,872e06e8
18,-40.0,58e4ff77
18,-30.0,7b8d87e7
18,-20.0,87854656
18,-10.0,651510e7
18,-5.0,651510e7
18,-2.0,651510e7
18,-1.0,651510e7
18,0.0,1877122a
18,1.0,1877122a
18,2.0,1877122a
18,5.0,1877122a
18,10.0,1877122a
18,20.0,1877122a
18,30.0,a458c337
18,40.0,a1f928b5
18,60.0,b7940403
19,-60.0,f25bad70
19,-40.0,229bce1b
19,-30.0,a458c337
19,-20.0,d59e8517
19,-10.0,1877122a
19,-5.0,1877122a
19,-2.0,1877122a
19,-1.0,1877122a
19,0.0,1877122a
19,1.0,1877122a
19,2.0,c7ad87e3
19,5.0,c7ad87e3
19,10.0,c7ad87e3
19,20.0,87854656
19,30.0,87854656
19,40.0,526cf591
19,60.0,87649295
0,60.0,72cf5750
0,-40.0,130a4b2d
0,-30.0,eda501fb
0,-20.0,52d60b7c
0,-15.0,52d60b7c
0,-10.0,651510e7
0,-5.0,651510e7
0,-2.0,651510e7
0,-1.0,1877122a
0,0.0,1877122a
0,1.0,1877122a
0,2.0,1877122a
0,5.0,1877122a
0,10.0,1877122a
0,15.0,651510e7
0,20.0,d59e8517
0,30.0,47ff5c6f
0,40.0,ad0e63ef
0,60.0,72cf5750
1,60.0,2c616b9d
1,-40.0,026a326f
1,-30.0,49875fd2
1,-20.0,314ecf50
1,-15.0,dfbded5f
1,-10.0,1877122a
1,-5.0,1877122a
1,-2.0,1877122a
1,-1.0,1877122a
1,0.0,1877122a
1,1.0,651510e7
1,2.0,651510e7
1,5.0,651510e7
1,10.0,651510e7
1,15.0,52d60b7c
1,20.0,359c975e
1,30.0,3ee1cd5f
1,40.0,d0d2fcf3
1,60.0,2c616b9d
2,60.0,7d2de43c
2,-40.0,86e20953
2,-30.0,1877122a
2,-20.0,1877122a
2,-15.0,1877122a
2,-10.0,1877122a
2,-5.0,1877122a
2,-2.0,1877122a
2,-1.0,1877122a
2,0.0,1877122a
2,1.0,1877122a
2,2.0,1877122a
2,5.0,1877122a
2,10.0,1877122a
2,15.0,1877122a
2,20.0,1877122a
2,30.0,a4983229
2,40.0,354d9fe0
2,60.0,7d2de43c
3,60.0,515968f2
3,-40.0,4ac8a8a5
3,-30.0,e63adf6f
3,-20.0,eda501fb
3,-15.0,eda501fb
3,-10.0,628d9194
3,-5.0,651510e7
3,-2.0,651510e7
3,-1.0,651510e7
3,0.0,1877122a
3,1.0,1877122a
3,2.0,1877122a
3,5.0,1877122a
3,10.0,dfbded5f
3,15.0,dfbded5f
3,20.0,dfbded5f
3,30.0,441e35ee
3,40.0,d9b2d4a3
3,60.0,515968f2
4,60.0,f0894181
4,-40.0,256886ef
4,-30.0,1877122a
4,-20.0,ad6fdf58
4,-15.0,1877122a
4,-10.0,1877122a
4,-5.0,1877122a
4,-2.0,1877122a
4,-1.0,1877122a
4,0.0,1877122a
4,1.0,1877122a
4,2.0,c7ad87e3
4,5.0,c7ad87e3
4,10.0,c7ad87e3
4,15.0,38a01b62
4,20.0,87854656
4,30.0,87854656
4,40.0,e6f6c249
4,60.0,f0894181
5,60.0,0365917e
5,-40.0,b44d248f
5,-30.0,7b8b52dd
5,-20.0,d9b2d4a3
5,-15.0,1dd9d3c3
5,-10.0,dfbded5f
5,-5.0,1877122a
5,-2.0,1877122a
5,-1.0,1877122a
5,0.0,1877122a
5,1.0,651510e7
5,2.0,651510e7
5,5.0,651510e7
5,10.0,651510e7
5,15.0,52d60b7c
5,20.0,d59e8517
5,30.0,56c77419
5,40.0,a7f88dcb
5,60.0,0365917e
6,60.0,c076df4b
6,-40.0,00eaa3e6
6,-30.0,1877122a
6,-20.0,1877122a
6,-15.0,651510e7
6,-10.0,651510e7
6,-5.0,651510e7
6,-2.0,651510e7
6,-1.0,1877122a
6,0.0,1877122a
6,1.0,1877122a
6,2.0,1877122a
6,5.0,1877122a
6,10.0,1877122a
6,15.0,1877122a
6,20.0,dfbded5f
6,30.0,bef1d299
6,40.0,aad9e60c
6,60.0,c076df4b
7,60.0,4bb04612
7,-40.0,e33c3f88
7,-30.0,49875fd2
7,-20.0,651510e7
7,-15.0,c7ad87e3
7,-10.0,c7ad87e3
7,-5.0,c7ad87e3
7,-2.0,651510e7
7,-1.0,651510e7
7,0.0,1877122a
7,1.0,1877122a
7,2.0,1877122a
7,5.0,1877122a
7,10.0,1877122a
7,15.0,1877122a
7,20.0,441e35ee
7,30.0,c6541068
7,40.0,3380caac
7,60.0,4bb04612
8,60.0,dc651008
8,-40.0,8e2aac57
8,-30.0,d9b2d4a3
8,-20.0,1877122a
8,-15.0,1877122a
8,-10.0,1877122a
8,-5.0,1877122a
8,-2.0,1877122a
8,-1.0,1877122a
8,0.0,1877122a
8,1.0,1877122a
8,2.0,1877122a
8,5.0,1877122a
8,10.0,1877122a
8,15.0,1877122a
8,20.0,9e7882ce
8,30.0,f36548eb
8,40.0,39ae2242
8,60.0,dc651008
9,60.0,841060b1
9,-40.0,272411e4
9,-30.0,fb915feb
9,-20.0,229bce1b
9,-15.0,a458c337
9,-10.0,1877122a
9,-5.0,1877122a
9,-2.0,1877122a
9,-1.0,1877122a
9,0.0,1877122a
9,1.0,1877122a
9,2.0,651510e7
9,5.0,c7ad87e3
9,10.0,c7ad87e3
9,15.0,de85aace
9,20.0,1877122a
9,30.0,74b30710
9,40.0,2d904171
9,60.0,841060b1
10,60.0,2e7a4fa9
10,-40.0,788dc7d2
10,-30.0,511e3578
10,-20.0,49875fd2
10,-15.0,1877122a
10,-10.0,1877122a
10,-5.0,1877122a
10,-2.0,1877122a
10,-1.0,1877122a
10,0.0,1877122a
10,1.0,1877122a
10,2.0,1877122a
10,5.0,1877122a
10,10.0,1877122a
10,15.0,897a55af
10,20.0,203a1db7
10,30.0,1dd9d3c3
10,40.0,1dd9d3c3
10,60.0,2e7a4fa9
11,60.0,de90e680
11,-40.0,84eef79c
11,-30.0,d9b2d4a3
11,-20.0,c54d4749
11,-15.0,dfbded5f
11,-10.0,dfbded5f
11,-5.0,1877122a
11,-2.0,1877122a
11,-1.0,1877122a
11,0.0,1877122a
11,1.0,651510e7
11,2.0,651510e7
11,5.0,651510e7
11,10.0,651510e7
11,15.0,651510e7
11,20.0,eda501fb
11,30.0,49875fd2
11,40.0,e68b42d2
11,60.0,de90e680
12,60.0,994fa193
12,-40.0,78fecf4a
12,-30.0,87854656
12,-20.0,87854656
12,-15.0,0a69bef4
12,-10.0,628d9194
12,-5.0,c7ad87e3
12,-2.0,651510e7
12,-1.0,651510e7
12,0.0,1877122a
12,1.0,1877122a
12,2.0,1877122a
12,5.0,dfbded5f
12,10.0,dfbded5f
12,15.0,d59e8517
12,20.0,d59e8517
12,30.0,e66aa76a
12,40.0,fac09868
12,60.0,994fa193
13,60.0,6fa29929
13,-40.0,292ef821
13,-30.0,1877122a
13,-20.0,c54d4749
13,-15.0,dfbded5f
13,-10.0,1877122a
13,-5.0,1877122a
13,-2.0,1877122a
13,-1.0,1877122a
13,0.0,1877122a
13,1.0,651510e7
13,2.0,651510e7
13,5.0,628d9194
13,10.0,628d9194
13,15.0,628d9194
13,20.0,628d9194
13,30.0,87854656
13,40.0,48f04849
13,60.0,6fa29929
14,60.0,a9784f3a
14,-40.0,2bf294a1
14,-30.0,653b8a1b
14,-20.0,203a1db7
14,-15.0,16dd1ed2
14,-10.0,c7ad87e3
14,-5.0,c7ad87e3
14,-2.0,c7ad87e3
14,-1.0,1877122a
14,0.0,1877122a
14,1.0,1877122a
14,2.0,1877122a
14,5.0,1877122a
14,10.0,1877122a
14,15.0,d59e8517
14,20.0,876e5107
14,30.0,f36e3d85
14,40.0,e7415213
14,60.0,a9784f3a
15,60.0,b6b59b90
15,-40.0,d0d9e460
15,-30.0,87854656
15,-20.0,87854656
15,-15.0,eda501fb
15,-10.0,628d9194
15,-5.0,651510e7
15,-2.0,1877122a
15,-1.0,1877122a
15,0.0,1877122a
15,1.0,1877122a
15,2.0,1877122a
15,5.0,1877122a
15,10.0,1877122a
15,15.0,d59e8517
15,20.0,d59e8517
15,30.0,229bce1b
15,40.0,e7415213
15,60.0,b6b59b90
16,60.0,8ecab418
16,-40.0,3e3662ba
16,-30.0,1877122a
16,-20.0,1877122a
16,-15.0,1877122a
16,-10.0,1877122a
16,-5.0,1877122a
16,-2.0,1877122a
16,-1.0,1877122a
16,0.0,1877122a
16,1.0,1877122a
16,2.0,1877122a
16,5.0,651510e7
16,10.0,651510e7
16,15.0,651510e7
16,20.0,1877122a
16,30.0,1877122a
16,40.0,7642fc7e
16,60.0,8ecab418
17,60.0,12b83800
17,-40.0,1877122a
17,-30.0,7943ec8c
17,-20.0,38a01b62
17,-15.0,eda501fb
17,-10.0,651510e7
17,-5.0,651510e7
17,-2.0,1877122a
17,-1.0,1877122a
17,0.0,1877122a
17,1.0,1877122a
17,2.0,1877122a
17,5.0,1877122a
17,10.0,1877122a
17,15.0,1877122a
17,20.0,1877122a
17,30.0,a64a81e4
17,40.0,ca5c6d73
17,60.0,12b83800
18,60.0,b7940403
18,-40.0,58e4ff77
18,-30.0,7b8d87e7
18,-20.0,87854656
18,-15.0,87854656
18,-10.0,651510e7
18,-5.0,651510e7
18,-2.0,651510e7
18,-1.0,651510e7
18,0.0,1877122a
18,1.0,1877122a
18,2.0,1877122a
18,5.0,1877122a
18,10.0,1877122a
18,15.0,1877122a
18,20.0,1877122a
18,30.0,a458c337
18,40.0,a1f928b5
18,60.0,b7940403
19,60.0,87649295
19,-40.0,229bce1b
19,-30.0,a458c337
19,-20.0,d59e8517
19,-15.0,d59e8517
19,-10.0,1877122a
19,-5.0,1877122a
19,-2.0,1877122a
19,-1.0,1877122a
19,0.0,1877122a
19,1.0,1877122a
19,2.0,c7ad87e3
19,5.0,c7ad87e3
19,10.0,c7ad87e3
19,15.0,628d9194
19,20.0,87854656
19,30.0,87854656
19,40.0,526cf591
19,60.0,87649295
20,60.0,9908a771
20,-40.0,3f9ea6fa
20,-30.0,93f5dcbf
20,-20.0,2563381c
20,-15.0,ad6fdf58
20,-10.0,1877122a
20,-5.0,1877122a
20,-2.0,1877122a
20,-1.0,1877122a
20,0.0,1877122a
20,1.0,651510e7
20,2.0,651510e7
20,5.0,eda501fb
20,10.0,eda501fb
20,15.0,e63adf6f
20,20.0,e63adf6f
20,30.0,e63adf6f
20,40.0,24143441
20,60.0,9908a771
21,60.0,c8b804b4
21,-40.0,7027f940
21,-30.0,d9b2d4a3
21,-20.0,1877122a
21,-15.0,1877122a
21,-10.0,1877122a
21,-5.0,1877122a
21,-2.0,1877122a
21,-1.0,1877122a
21,0.0,1877122a
21,1.0,1877122a
21,2.0,1877122a
21,5.0,651510e7
21,10.0,651510e7
21,15.0,651510e7
21,20.0,651510e7
21,30.0,861b8a06
21,40.0,7fab1d5a
21,60.0,c8b804b4
22,60.0,4fb6bdf7
22,-40.0,be14fb50
22,-30.0,aaa6bf49
22,-20.0,1dd9d3c3
22,-15.0,1dd9d3c3
22,-10.0,dfbded5f
22,-5.0,651510e7
22,-2.0,1877122a
22,-1.0,1877122a
22,0.0,1877122a
22,1.0,1877122a
22,2.0,1877122a
22,5.0,1877122a
22,10.0,1877122a
22,15.0,314ecf50
22,20.0,314ecf50
22,30.0,314ecf50
22,40.0,34f4ab1a
22,60.0,4fb6bdf7
23,60.0,302f11f3
23,-40.0,36b395e0
23,-30.0,270ba384
23,-20.0,96a31432
23,-15.0,cd1a3a21
23,-10.0,1877122a
23,-5.0,1877122a
23,-2.0,1877122a
23,-1.0,1877122a
23,0.0,1877122a
23,1.0,1877122a
23,2.0,1877122a
23,5.0,628d9194
23,10.0,628d9194
23,15.0,628d9194
23,20.0,628d9194
23,30.0,4aa6b86f
23,40.0,1c6d654e
23,60.0,302f11f3
24,60.0,4fdf9b93
24,-40.0,14ecf6f1
24,-30.0,d9b2d4a3
24,-20.0,16dd1ed2
24,-15.0,eda501fb
24,-10.0,651510e7
24,-5.0,651510e7
24,-2.0,651510e7
24,-1.0,1877122a
24,0.0,1877122a
24,1.0,1877122a
24,2.0,1877122a
24,5.0,1877122a
24,10.0,1877122a
24,15.0,1877122a
24,20.0,1877122a
24,30.0,2555ac6e
24,40.0,2c7b3f18
24,60.0,4fdf9b93
25,60.0,7054ee56
25,-40.0,62ae9094
25,-30.0,a942273b
25,-20.0,1877122a
25,-15.0,1877122a
25,-10.0,1877122a
25,-5.0,1877122a
25,-2.0,1877122a
25,-1.0,1877122a
25,0.0,1877122a
25,1.0,1877122a
25,2.0,651510e7
25,5.0,651510e7
25,10.0,651510e7
25,15.0,651510e7
25,20.0,ad6fdf58
25,30.0,65401e36
25,40.0,02e1da08
25,60.0,7054ee56
26,60.0,c5aa42fc
26,-40.0,d08acb91
26,-30.0,441e35ee
26,-20.0,dfbded5f
26,-15.0,dfbded5f
26,-10.0,dfbded5f
26,-5.0,1877122a
26,-2.0,1877122a
26,-1.0,1877122a
26,0.0,1877122a
26,1.0,1877122a
26,2.0,1877122a
26,5.0,1877122a
26,10.0,1877122a
26,15.0,229bce1b
26,20.0,229bce1b
26,30.0,2aa5fffd
26,40.0,a129816e
26,60.0,c5aa42fc
27,60.0,db408fea
27,-40.0,7405f86c
27,-30.0,441e35ee
27,-20.0,1dd9d3c3
27,-15.0,dfbded5f
27,-10.0,dfbded5f
27,-5.0,1877122a
27,-2.0,1877122a
27,-1.0,1877122a
27,0.0,1877122a
27,1.0,1877122a
27,2.0,1877122a
27,5.0,1877122a
27,10.0,1877122a
27,15.0,1877122a
27,20.0,1877122a
27,30.0,1877122a
27,40.0,99cde229
27,60.0,db408fea
28,60.0,425d16da
28,-40.0,87854656
28,-30.0,87854656
28,-20.0,651510e7
28,-15.0,651510e7
28,-10.0,651510e7
28,-5.0,651510e7
28,-2.0,1877122a
28,-1.0,1877122a
28,0.0,1877122a
28,1.0,1877122a
28,2.0,1877122a
28,5.0,1877122a
28,10.0,1877122a
28,15.0,1877122a
28,20.0,2563381c
28,30.0,2563381c
28,40.0,56cc3f97
28,60.0,425d16da
29,60.0,bf02cae8
29,-40.0,08368e07
29,-30.0,49875fd2
29,-20.0,f144d876
29,-15.0,f144d876
29,-10.0,dfbded5f
29,-5.0,1877122a
29,-2.0,1877122a
29,-1.0,1877122a
29,0.0,1877122a
29,1.0,1877122a
29,2.0,1877122a
29,5.0,1877122a
29,10.0,1877122a
29,15.0,5828d443
29,20.0,5828d443
29,30.0,87854656
29,40.0,87854656
29,60.0,bf02cae8
30,60.0,c6663de5
30,-40.0,fb8f562b
30,-30.0,87854656
30,-20.0,1dd9d3c3
30,-15.0,dfbded5f
30,-10.0,dfbded5f
30,-5.0,1877122a
30,-2.0,1877122a
30,-1.0,1877122a
30,0.0,1877122a
30,1.0,651510e7
30,2.0,651510e7
30,5.0,628d9194
30,10.0,eda501fb
30,15.0,eda501fb
30,20.0,eda501fb
30,30.0,229bce1b
30,40.0,7872a12d
30,60.0,c6663de5
31,60.0,b748e84a
31,-40.0,c4a9fd55
31,-30.0,d9b2d4a3
31,-20.0,a12de73e
31,-15.0,651510e7
31,-10.0,651510e7
31,-5.0,651510e7
31,-2.0,651510e7
31,-1.0,651510e7
31,0.0,1877122a
31,1.0,1877122a
31,2.0,1877122a
31,5.0,1877122a
31,10.0,1877122a
31,15.0,1877122a
31,20.0,1877122a
31,30.0,1877122a
31,40.0,e94ca882
31,60.0,b748e84a
32,60.0,2acec904
32,-40.0,08cbd750
32,-30.0,1dd9d3c3
32,-20.0,1dd9d3c3
32,-15.0,dfbded5f
32,-10.0,dfbded5f
32,-5.0,1877122a
32,-2.0,1877122a
32,-1.0,1877122a
32,0.0,1877122a
32,1.0,1877122a
32,2.0,1877122a
32,5.0,651510e7
32,10.0,651510e7
32,15.0,2563381c
32,20.0,29fc1f55
32,30.0,2555ac6e
32,40.0,49875fd2
32,60.0,2acec904
33,60.0,02a557fd
33,-40.0,49875fd2
33,-30.0,49875fd2
33,-20.0,dfbded5f
33,-15.0,dfbded5f
33,-10.0,1877122a
33,-5.0,1877122a
33,-2.0,1877122a
33,-1.0,1877122a
33,0.0,1877122a
33,1.0,651510e7
33,2.0,651510e7
33,5.0,651510e7
33,10.0,651510e7
33,15.0,651510e7
33,20.0,651510e7
33,30.0,cd1a3a21
33,40.0,64b088cd
33,60.0,02a557fd
34,60.0,759c4f56
34,-40.0,32d20829
34,-30.0,1dd9d3c3
34,-20.0,1dd9d3c3
34,-15.0,1dd9d3c3
34,-10.0,dfbded5f
34,-5.0,1877122a
34,-2.0,1877122a
34,-1.0,1877122a
34,0.0,1877122a
34,1.0,1877122a
34,2.0,1877122a
34,5.0,1877122a
34,10.0,1877122a
34,15.0,29fc1f55
34,20.0,29fc1f55
34,30.0,6f31e835
34,40.0,74dcb1ce
34,60.0,759c4f56
35,60.0,546652c7
35,-40.0,c9658f25
35,-30.0,229bce1b
35,-20.0,1dd9d3c3
35,-15.0,1dd9d3c3
35,-10.0,1877122a
35,-5.0,1877122a
35,-2.0,1877122a
35,-1.0,1877122a
35,0.0,1877122a
35,1.0,1877122a
35,2.0,1877122a
35,5.0,1877122a
35,10.0,1877122a
35,15.0,29fc1f55
35,20.0,29fc1f55
35,30.0,6f31e835
35,40.0,b26699b6
35,60.0,546652c7
36,60.0,0b79e1f8
36,-40.0,d4e482cf
36,-30.0,52d60b7c
36,-20.0,651510e7
36,-15.0,651510e7
36,-10.0,651510e7
36,-5.0,651510e7
36,-2.0,651510e7
36,-1.0,651510e7
36,0.0,1877122a
36,1.0,1877122a
36,2.0,1877122a
36,5.0,1877122a
36,10.0,1877122a
36,15.0,5d11eb0e
36,20.0,e7d08e6b
36,30.0,2555ac6e
36,40.0,5e9709a4
36,60.0,0b79e1f8
37,60.0,fbe24ffd
37,-40.0,1877122a
37,-30.0,2563381c
37,-20.0,314ecf50
37,-15.0,1877122a
37,-10.0,1877122a
37,-5.0,1877122a
37,-2.0,1877122a
37,-1.0,1877122a
37,0.0,1877122a
37,1.0,1877122a
37,2.0,651510e7
37,5.0,651510e7
37,10.0,651510e7
37,15.0,e63adf6f
37,20.0,1877122a
37,30.0,d9b2d4a3
37,40.0,bebad99a
37,60.0,fbe24ffd
38,60.0,a278277f
38,-40.0,331c79de
38,-30.0,2ac434c2
38,-20.0,4ee91390
38,-15.0,628d9194
38,-10.0,628d9194
38,-5.0,628d9194
38,-2.0,1877122a
38,-1.0,1877122a
38,0.0,1877122a
38,1.0,1877122a
38,2.0,1877122a
38,5.0,1877122a
38,10.0,651510e7
38,15.0,651510e7
38,20.0,651510e7
38,30.0,2563381c
38,40.0,526cf591
38,60.0,a278277f
39,60.0,62cd3c37
39,-40.0,d9b2d4a3
39,-30.0,cd1a3a21
39,-20.0,1877122a
39,-15.0,1877122a
39,-10.0,c7ad87e3
39,-5.0,c7ad87e3
39,-2.0,1877122a
39,-1.0,1877122a
39,0.0,1877122a
39,1.0,1877122a
39,2.0,1877122a
39,5.0,1877122a
39,10.0,1877122a
39,15.0,dfbded5f
39,20.0,2563381c
39,30.0,2563381c
39,40.0,e54a4eff
39,60.0,62cd3c37
40,60.0,ac4658b9
40,-40.0,0ed5bec2
40,-30.0,229bce1b
40,-20.0,dfbded5f
40,-15.0,dfbded5f
40,-10.0,1877122a
40,-5.0,1877122a
40,-2.0,1877122a
40,-1.0,1877122a
40,0.0,1877122a
40,1.0,1877122a
40,2.0,1877122a
40,5.0,1877122a
40,10.0,1877122a
40,15.0,1877122a
40,20.0,1877122a
40,30.0,927ce2b0
40,40.0,9abee206
40,60.0,ac4658b9
41,60.0,35750398
41,-40.0,c788792d
41,-30.0,08442cac
41,-20.0,fea5ae12
41,-15.0,441e35ee
41,-10.0,dfbded5f
41,-5.0,1877122a
41,-2.0,1877122a
41,-1.0,1877122a
41,0.0,1877122a
41,1.0,1877122a
41,2.0,1877122a
41,5.0,651510e7
41,10.0,651510e7
41,15.0,7959bd15
41,20.0,7959bd15
41,30.0,7959bd15
41,40.0,1877122a
41,60.0,35750398
42,60.0,a855b8cc
42,-40.0,29fc1f55
42,-30.0,29fc1f55
42,-20.0,29fc1f55
42,-15.0,dfbded5f
42,-10.0,dfbded5f
42,-5.0,1877122a
42,-2.0,1877122a
42,-1.0,1877122a
42,0.0,1877122a
42,1.0,651510e7
42,2.0,651510e7
42,5.0,651510e7
42,10.0,651510e7
42,15.0,e54eb885
42,20.0,e54eb885
42,30.0,87854656
42,40.0,8b649ea9
42,60.0,a855b8cc
43,60.0,45285960
43,-40.0,74b30710
43,-30.0,c7ad87e3
43,-20.0,c7ad87e3
43,-15.0,c7ad87e3
43,-10.0,c7ad87e3
43,-5.0,c7ad87e3
43,-2.0,651510e7
43,-1.0,651510e7
43,0.0,1877122a
43,1.0,1877122a
43,2.0,1877122a
43,5.0,1877122a
43,10.0,1877122a
43,15.0,1877122a
43,20.0,1877122a
43,30.0,631f27c1
43,40.0,af468e8b
43,60.0,45285960
44,60.0,f02ea2ae
44,-40.0,87854656
44,-30.0,87854656
44,-20.0,4ee91390
44,-15.0,4ee91390
44,-10.0,4ee91390
44,-5.0,628d9194
44,-2.0,651510e7
44,-1.0,651510e7
44,0.0,1877122a
44,1.0,1877122a
44,2.0,1877122a
44,5.0,1877122a
44,10.0,7959bd15
44,15.0,5d11eb0e
44,20.0,5d11eb0e
44,30.0,8f52f2ad
44,40.0,9bcb093d
44,60.0,f02ea2ae
45,60.0,a0a6f842
45,-40.0,c6541068
45,-30.0,130a4b2d
45,-20.0,441e35ee
45,-15.0,1877122a
45,-10.0,1877122a
45,-5.0,1877122a
45,-2.0,1877122a
45,-1.0,1877122a
45,0.0,1877122a
45,1.0,1877122a
45,2.0,1877122a
45,5.0,651510e7
45,10.0,628d9194
45,15.0,1877122a
45,20.0,d2a4340e
45,30.0,ee4c582e
45,40.0,ee4c582e
45,60.0,a0a6f842
46,60.0,a1b28f13
46,-40.0,2a415422
46,-30.0,95a10cc7
46,-20.0,1877122a
46,-15.0,1877122a
46,-10.0,1877122a
46,-5.0,1877122a
46,-2.0,1877122a
46,-1.0,1877122a
46,0.0,1877122a
46,1.0,1877122a
46,2.0,651510e7
46,5.0,628d9194
46,10.0,628d9194
46,15.0,628d9194
46,20.0,eda501fb
46,30.0,f9222d9b
46,40.0,861b8a06
46,60.0,a1b28f13
47,60.0,9ea6e61e
47,-40.0,366a4f16
47,-30.0,29fc1f55
47,-20.0,1877122a
47,-15.0,1877122a
47,-10.0,1877122a
47,-5.0,1877122a
47,-2.0,1877122a
47,-1.0,1877122a
47,0.0,1877122a
47,1.0,1877122a
47,2.0,1877122a
47,5.0,c7ad87e3
47,10.0,628d9194
47,15.0,628d9194
47,20.0,628d9194
47,30.0,1877122a
47,40.0,69c27620
47,60.0,9ea6e61e
48,60.0,cca758c3
48,-40.0,0e7b4f24
48,-30.0,d59e8517
48,-20.0,d59e8517
48,-15.0,c7ad87e3
48,-10.0,c7ad87e3
48,-5.0,c7ad87e3
48,-2.0,1877122a
48,-1.0,1877122a
48,0.0,1877122a
48,1.0,1877122a
48,2.0,1877122a
48,5.0,1877122a
48,10.0,1877122a
48,15.0,1877122a
48,20.0,1877122a
48,30.0,65731e8a
48,40.0,dbb646c9
48,60.0,cca758c3
49,60.0,91100512
49,-40.0,44a36f90
49,-30.0,d9b2d4a3
49,-20.0,1877122a
49,-15.0,651510e7
49,-10.0,651510e7
49,-5.0,651510e7
49,-2.0,1877122a
49,-1.0,1877122a
49,0.0,1877122a
49,1.0,1877122a
49,2.0,1877122a
49,5.0,1877122a
49,10.0,1877122a
49,15.0,1877122a
49,20.0,1877122a
49,30.0,4ecc6a82
49,40.0,9b9b68e1
49,60.0,91100512
50,60.0,a351a923
50,-40.0,baad170d
50,-30.0,e1924b6a
50,-20.0,93bac35b
50,-15.0,12da5cbb
50,-10.0,651510e7
50,-5.0,651510e7
50,-2.0,651510e7
50,-1.0,1877122a
50,0.0,1877122a
50,1.0,1877122a
50,2.0,1877122a
50,5.0,1877122a
50,10.0,1877122a
50,15.0,1877122a
50,20.0,1877122a
50,30.0,d9b2d4a3
50,40.0,526cf591
50,60.0,a351a923
51,60.0,e6f84669
51,-40.0,41445822
51,-30.0,eda501fb
51,-20.0,eda501fb
51,-15.0,eda501fb
51,-10.0,651510e7
51,-5.0,651510e7
51,-2.0,651510e7
51,-1.0,1877122a
51,0.0,1877122a
51,1.0,1877122a
51,2.0,1877122a
51,5.0,1877122a
51,10.0,1877122a
51,15.0,dfbded5f
51,20.0,dfbded5f
51,30.0,365b33b7
51,40.0,c4a9fd55
51,60.0,e6f84669
52,60.0,46ae68e8
52,-40.0,dbd16617
52,-30.0,878bf563
52,-20.0,52d60b7c
52,-15.0,651510e7
52,-10.0,651510e7
52,-5.0,651510e7
52,-2.0,1877122a
52,-1.0,1877122a
52,0.0,1877122a
52,1.0,1877122a
52,2.0,1877122a
52,5.0,1877122a
52,10.0,1877122a
52,15.0,2563381c
52,20.0,e0bf2d57
52,30.0,e0bf2d57
52,40.0,55b71c4e
52,60.0,46ae68e8
53,60.0,ce519dd0
53,-40.0,85b29c8a
53,-30.0,7959bd15
53,-20.0,d59e8517
53,-15.0,52d60b7c
53,-10.0,651510e7
53,-5.0,651510e7
53,-2.0,651510e7
53,-1.0,1877122a
53,0.0,1877122a
53,1.0,1877122a
53,2.0,1877122a
53,5.0,1877122a
53,10.0,1877122a
53,15.0,1877122a
53,20.0,1877122a
53,30.0,7b8b52dd
53,40.0,e3a3e6aa
53,60.0,ce519dd0
54,60.0,e1a1a590
54,-40.0,95146c17
54,-30.0,da18bcf4
54,-20.0,5abea875
54,-15.0,651510e7
54,-10.0,651510e7
54,-5.0,651510e7
54,-2.0,1877122a
54,-1.0,1877122a
54,0.0,1877122a
54,1.0,1877122a
54,2.0,1877122a
54,5.0,1877122a
54,10.0,1877122a
54,15.0,1877122a
54,20.0,1877122a
54,30.0,1877122a
54,40.0,9ca99c7d
54,60.0,e1a1a590
55,60.0,425409df
55,-40.0,6726ea72
55,-30.0,5270f8cf
55,-20.0,dfbded5f
55,-15.0,1877122a
55,-10.0,1877122a
55,-5.0,1877122a
55,-2.0,1877122a
55,-1.0,1877122a
55,0.0,1877122a
55,1.0,651510e7
55,2.0,651510e7
55,5.0,651510e7
55,10.0,651510e7
55,15.0,52d60b7c
55,20.0,54d42c03
55,30.0,9a10a974
55,40.0,aa21468b
55,60.0,425409df
56,60.0,a53931ac
56,-40.0,b024169e
56,-30.0,0dc7c332
56,-20.0,651510e7
56,-15.0,651510e7
56,-10.0,651510e7
56,-5.0,651510e7
56,-2.0,651510e7
56,-1.0,651510e7
56,0.0,1877122a
56,1.0,1877122a
56,2.0,1877122a
56,5.0,1877122a
56,10.0,1877122a
56,15.0,1877122a
56,20.0,29fc1f55
56,30.0,29fc1f55
56,40.0,eb225274
56,60.0,a53931ac
57,60.0,293aeddc
57,-40.0,d48b92f5
57,-30.0,1877122a
57,-20.0,1877122a
57,-15.0,1877122a
57,-10.0,1877122a
57,-5.0,1877122a
57,-2.0,1877122a
57,-1.0,1877122a
57,0.0,1877122a
57,1.0,1877122a
57,2.0,651510e7
57,5.0,651510e7
57,10.0,651510e7
57,15.0,651510e7
57,20.0,c7ad87e3
57,30.0,554f55fc
57,40.0,573d4a60
57,60.0,293aeddc
58,60.0,534ee7d9
58,-40.0,09dd680e
58,-30.0,1dd9d3c3
58,-20.0,dfbded5f
58,-15.0,dfbded5f
58,-10.0,dfbded5f
58,-5.0,1877122a
58,-2.0,1877122a
58,-1.0,1877122a
58,0.0,1877122a
58,1.0,1877122a
58,2.0,1877122a
58,5.0,1877122a
58,10.0,651510e7
58,15.0,651510e7
58,20.0,1877122a
58,30.0,1877122a
58,40.0,292ef821
58,60.0,534ee7d9
59,60.0,76059ab2
59,-40.0,35322b01
59,-30.0,c9658f25
59,-20.0,d59e8517
59,-15.0,651510e7
59,-10.0,651510e7
59,-5.0,651510e7
59,-2.0,651510e7
59,-1.0,1877122a
59,0.0,1877122a
59,1.0,1877122a
59,2.0,1877122a
59,5.0,1877122a
59,10.0,1877122a
59,15.0,dfbded5f
59,20.0,628d9194
59,30.0,87854656
59,40.0,b68e4a06
59,60.0,76059ab2
60,60.0,58d48e8e
60,-40.0,5f893f61
60,-30.0,ca0b08ce
60,-20.0,1877122a
60,-15.0,1877122a
60,-10.0,1877122a
60,-5.0,1877122a
60,-2.0,1877122a
60,-1.0,1877122a
60,0.0,1877122a
60,1.0,1877122a
60,2.0,651510e7
60,5.0,651510e7
60,10.0,651510e7
60,15.0,651510e7
60,20.0,651510e7
60,30.0,eda501fb
60,40.0,e756ec56
60,60.0,58d48e8e
61,60.0,04ceafc2
61,-40.0,061599fd
61,-30.0,4f0a987c
61,-20.0,eda501fb
61,-15.0,628d9194
61,-10.0,628d9194
61,-5.0,628d9194
61,-2.0,651510e7
61,-1.0,651510e7
61,0.0,1877122a
61,1.0,1877122a
61,2.0,1877122a
61,5.0,1877122a
61,10.0,1877122a
61,15.0,1877122a
61,20.0,1877122a
61,30.0,d59e8517
61,40.0,be14fb50
61,60.0,04ceafc2
62,60.0,8af39c2c
62,-40.0,66fea065
62,-30.0,b3e2a3d0
62,-20.0,29fc1f55
62,-15.0,dfbded5f
62,-10.0,dfbded5f
62,-5.0,1877122a
62,-2.0,1877122a
62,-1.0,1877122a
62,0.0,1877122a
62,1.0,651510e7
62,2.0,651510e7
62,5.0,628d9194
62,10.0,628d9194
62,15.0,628d9194
62,20.0,eda501fb
62,30.0,eda501fb
62,40.0,a2c23f10
62,60.0,8af39c2c
63,60.0,4c0d9b7b
63,-40.0,43746d01
63,-30.0,44a36f90
63,-20.0,1877122a
63,-15.0,1877122a
63,-10.0,1877122a
63,-5.0,1877122a
63,-2.0,1877122a
63,-1.0,1877122a
63,0.0,1877122a
63,1.0,1877122a
63,2.0,1877122a
63,5.0,1877122a
63,10.0,1877122a
63,15.0,1877122a
63,20.0,1877122a
63,30.0,1877122a
63,40.0,a555ef37
63,60.0,4c0d9b7b
64,60.0,69dfdf4e
64,-40.0,e4a45598
64,-30.0,ee4c582e
64,-20.0,a12de73e
64,-15.0,651510e7
64,-10.0,c7ad87e3
64,-5.0,651510e7
64,-2.0,651510e7
64,-1.0,651510e7
64,0.0,1877122a
64,1.0,1877122a
64,2.0,1877122a
64,5.0,1877122a
64,10.0,1877122a
64,15.0,1877122a
64,20.0,1877122a
64,30.0,1877122a
64,40.0,d2c760c6
64,60.0,69dfdf4e
65,60.0,5058f1af
65,-40.0,378e2435
65,-30.0,1dd9d3c3
65,-20.0,1877122a
65,-15.0,1877122a
65,-10.0,1877122a
65,-5.0,1877122a
65,-2.0,1877122a
65,-1.0,1877122a
65,0.0,1877122a
65,1.0,1877122a
65,2.0,1877122a
65,5.0,1877122a
65,10.0,1877122a
65,15.0,1877122a
65,20.0,2563381c
65,30.0,49875fd2
65,40.0,0945c798
65,60.0,5058f1af
66,60.0,d87c8217
66,-40.0,0657c46c
66,-30.0,2555ac6e
66,-20.0,1877122a
66,-15.0,1877122a
66,-10.0,1877122a
66,-5.0,1877122a
66,-2.0,1877122a
66,-1.0,1877122a
66,0.0,1877122a
66,1.0,651510e7
66,2.0,651510e7
66,5.0,651510e7
66,10.0,628d9194
66,15.0,628d9194
66,20.0,12da5cbb
66,30.0,22f43fb9
66,40.0,8483972f
66,60.0,d87c8217
67,60.0,1bb89fe0
67,-40.0,d1c020ed
67,-30.0,c9658f25
67,-20.0,d59e8517
67,-15.0,d59e8517
67,-10.0,1877122a
67,-5.0,1877122a
67,-2.0,1877122a
67,-1.0,1877122a
67,0.0,1877122a
67,1.0,1877122a
67,2.0,651510e7
67,5.0,628d9194
67,10.0,628d9194
67,15.0,628d9194
67,20.0,87854656
67,30.0,3596ff74
67,40.0,856ddcc3
67,60.0,1bb89fe0
68,60.0,76e1d4b7
68,-40.0,87854656
68,-30.0,87854656
68,-20.0,628d9194
68,-15.0,628d9194
68,-10.0,628d9194
68,-5.0,651510e7
68,-2.0,651510e7
68,-1.0,1877122a
68,0.0,1877122a
68,1.0,1877122a
68,2.0,1877122a
68,5.0,1877122a
68,10.0,dfbded5f
68,15.0,dfbded5f
68,20.0,dfbded5f
68,30.0,399bde47
68,40.0,a942273b
68,60.0,76e1d4b7
69,60.0,867c5b08
69,-40.0,6790678f
69,-30.0,1877122a
69,-20.0,87854656
69,-15.0,651510e7
69,-10.0,651510e7
69,-5.0,651510e7
69,-2.0,1877122a
69,-1.0,1877122a
69,0.0,1877122a
69,1.0,1877122a
69,2.0,1877122a
69,5.0,1877122a
69,10.0,1877122a
69,15.0,628d9194
69,20.0,628d9194
69,30.0,f144d876
69,40.0,4e2a71ca
69,60.0,867c5b08
70,60.0,53aea818
70,-40.0,b9d17a12
70,-30.0,f144d876
70,-20.0,1877122a
70,-15.0,1877122a
70,-10.0,1877122a
70,-5.0,1877122a
70,-2.0,1877122a
70,-1.0,1877122a
70,0.0,1877122a
70,1.0,1877122a
70,2.0,1877122a
70,5.0,651510e7
70,10.0,651510e7
70,15.0,651510e7
70,20.0,52d60b7c
70,30.0,87854656
70,40.0,c6541068
70,60.0,53aea818
71,60.0,8d4ac17c
71,-40.0,49875fd2
71,-30.0,d59e8517
71,-20.0,1877122a
71,-15.0,1877122a
71,-10.0,1877122a
71,-5.0,1877122a
71,-2.0,1877122a
71,-1.0,1877122a
71,0.0,1877122a
71,1.0,1877122a
71,2.0,651510e7
71,5.0,651510e7
71,10.0,651510e7
71,15.0,651510e7
71,20.0,87854656
71,30.0,1df9b9bf
71,40.0,7f68f46c
71,60.0,8d4ac17c
72,60.0,0a2a819e
72,-40.0,7062cee1
72,-30.0,cd1a3a21
72,-20.0,d59e8517
72,-15.0,d59e8517
72,-10.0,eda501fb
72,-5.0,651510e7
72,-2.0,651510e7
72,-1.0,1877122a
72,0.0,1877122a
72,1.0,1877122a
72,2.0,1877122a
72,5.0,1877122a
72,10.0,1877122a
72,15.0,1877122a
72,20.0,1dd9d3c3
72,30.0,d9b2d4a3
72,40.0,526cf591
72,60.0,0a2a819e
73,60.0,ca0ac0fa
73,-40.0,22a5817b
73,-30.0,d9b2d4a3
73,-20.0,1877122a
73,-15.0,1877122a
73,-10.0,1877122a
73,-5.0,1877122a
73,-2.0,1877122a
73,-1.0,1877122a
73,0.0,1877122a
73,1.0,651510e7
73,2.0,651510e7
73,5.0,651510e7
73,10.0,651510e7
73,15.0,651510e7
73,20.0,5d11eb0e
73,30.0,a92c5b70
73,40.0,83ad062a
73,60.0,ca0ac0fa
74,60.0,0e9f16e6
74,-40.0,c6541068
74,-30.0,130a4b2d
74,-20.0,1dd9d3c3
74,-15.0,1877122a
74,-10.0,1877122a
74,-5.0,651510e7
74,-2.0,1877122a
74,-1.0,1877122a
74,0.0,1877122a
74,1.0,1877122a
74,2.0,1877122a
74,5.0,1877122a
74,10.0,d59e8517
74,15.0,d59e8517
74,20.0,2563381c
74,30.0,b2ec7fd3
74,40.0,dcbc9157
74,60.0,0e9f16e6
75,60.0,a3f8f559
75,-40.0,414528d6
75,-30.0,e63adf6f
75,-20.0,eda501fb
75,-15.0,eda501fb
75,-10.0,651510e7
75,-5.0,651510e7
75,-2.0,651510e7
75,-1.0,1877122a
75,0.0,1877122a
75,1.0,1877122a
75,2.0,1877122a
75,5.0,1877122a
75,10.0,1877122a
75,15.0,1877122a
75,20.0,1877122a
75,30.0,1877122a
75,40.0,e4e04faf
75,60.0,a3f8f559
76,60.0,4e691ec7
76,-40.0,216b8ab6
76,-30.0,9cac0091
76,-20.0,2563381c
76,-15.0,1877122a
76,-10.0,1877122a
76,-5.0,1877122a
76,-2.0,1877122a
76,-1.0,1877122a
76,0.0,1877122a
76,1.0,1877122a
76,2.0,1877122a
76,5.0,651510e7
76,10.0,651510e7
76,15.0,628d9194
76,20.0,eda501fb
76,30.0,87854656
76,40.0,1930ae72
76,60.0,4e691ec7
77,60.0,89a1fa9c
77,-40.0,8a1bd6fb
77,-30.0,0ae89cb2
77,-20.0,651510e7
77,-15.0,651510e7
77,-10.0,651510e7
77,-5.0,651510e7
77,-2.0,651510e7
77,-1.0,651510e7
77,0.0,1877122a
77,1.0,1877122a
77,2.0,1877122a
77,5.0,1877122a
77,10.0,1877122a
77,15.0,1877122a
77,20.0,1877122a
77,30.0,d9b2d4a3
77,40.0,b44375e1
77,60.0,89a1fa9c
78,60.0,244f6a1f
78,-40.0,b3e2a3d0
78,-30.0,2563381c
78,-20.0,2563381c
78,-15.0,2563381c
78,-10.0,1877122a
78,-5.0,1877122a
78,-2.0,1877122a
78,-1.0,1877122a
78,0.0,1877122a
78,1.0,1877122a
78,2.0,1877122a
78,5.0,651510e7
78,10.0,651510e7
78,15.0,16dd1ed2
78,20.0,1877122a
78,30.0,1877122a
78,40.0,4767f5e6
78,60.0,244f6a1f
79,60.0,158bb5e1
79,-40.0,8ae4d6a8
79,-30.0,c9658f25
79,-20.0,c7ad87e3
79,-15.0,c7ad87e3
79,-10.0,c7ad87e3
79,-5.0,c7ad87e3
79,-2.0,651510e7
79,-1.0,1877122a
79,0.0,1877122a
79,1.0,1877122a
79,2.0,1877122a
79,5.0,1877122a
79,10.0,1877122a
79,15.0,1877122a
79,20.0,1877122a
79,30.0,742ccd3c
79,40.0,061599fd
79,60.0,158bb5e1
80,60.0,0b3bb1cc
80,-40.0,49509f43
80,-30.0,c1fd5a04
80,-20.0,1877122a
80,-15.0,1877122a
80,-10.0,651510e7
80,-5.0,651510e7
80,-2.0,1877122a
80,-1.0,1877122a
80,0.0,1877122a
80,1.0,1877122a
80,2.0,1877122a
80,5.0,1877122a
80,10.0,1877122a
80,15.0,1877122a
80,20.0,1877122a
80,30.0,87854656
80,40.0,856ddcc3
80,60.0,0b3bb1cc
81,60.0,47172a17
81,-40.0,dbdc0ce2
81,-30.0,168de2e8
81,-20.0,f36e3d85
81,-15.0,cd1a3a21
81,-10.0,dfbded5f
81,-5.0,1877122a
81,-2.0,1877122a
81,-1.0,1877122a
81,0.0,1877122a
81,1.0,651510e7
81,2.0,651510e7
81,5.0,c7ad87e3
81,10.0,eda501fb
81,15.0,653b8a1b
81,20.0,93bac35b
81,30.0,7943ec8c
81,40.0,ecb50e37
81,60.0,47172a17
82,60.0,65110ae1
82,-40.0,bb3a4378
82,-30.0,f81776ee
82,-20.0,4fa2b19f
82,-15.0,651510e7
82,-10.0,651510e7
82,-5.0,651510e7
82,-2.0,651510e7
82,-1.0,1877122a
82,0.0,1877122a
82,1.0,1877122a
82,2.0,1877122a
82,5.0,1877122a
82,10.0,1877122a
82,15.0,1877122a
82,20.0,1877122a
82,30.0,1877122a
82,40.0,d9b2d4a3
82,60.0,65110ae1
83,60.0,fd992340
83,-40.0,f36548eb
83,-30.0,1877122a
83,-20.0,1877122a
83,-15.0,1877122a
83,-10.0,1877122a
83,-5.0,1877122a
83,-2.0,1877122a
83,-1.0,1877122a
83,0.0,1877122a
83,1.0,1877122a
83,2.0,651510e7
83,5.0,651510e7
83,10.0,651510e7
83,15.0,651510e7
83,20.0,651510e7
83,30.0,87854656
83,40.0,130a4b2d
83,60.0,fd992340
84,60.0,9da2d581
84,-40.0,49dbed1f
84,-30.0,fa3a1010
84,-20.0,2563381c
84,-15.0,2563381c
84,-10.0,1877122a
84,-5.0,1877122a
84,-2.0,1877122a
84,-1.0,1877122a
84,0.0,1877122a
84,1.0,1877122a
84,2.0,1877122a
84,5.0,1877122a
84,10.0,eda501fb
84,15.0,eda501fb
84,20.0,eda501fb
84,30.0,eda501fb
84,40.0,87854656
84,60.0,9da2d581
85,60.0,e06f38a8
85,-40.0,7bed4371
85,-30.0,1877122a
85,-20.0,1877122a
85,-15.0,1877122a
85,-10.0,1877122a
85,-5.0,1877122a
85,-2.0,1877122a
85,-1.0,1877122a
85,0.0,1877122a
85,1.0,1877122a
85,2.0,1877122a
85,5.0,1877122a
85,10.0,1877122a
85,15.0,1877122a
85,20.0,1877122a
85,30.0,1877122a
85,40.0,9939df60
85,60.0,e06f38a8
86,60.0,55e42a51
86,-40.0,9cb94f5b
86,-30.0,2563381c
86,-20.0,441e35ee
86,-15.0,651510e7
86,-10.0,651510e7
86,-5.0,651510e7
86,-2.0,1877122a
86,-1.0,1877122a
86,0.0,1877122a
86,1.0,1877122a
86,2.0,1877122a
86,5.0,1877122a
86,10.0,1877122a
86,15.0,1877122a
86,20.0,1877122a
86,30.0,1877122a
86,40.0,1877122a
86,60.0,55e42a51
87,60.0,c9d17f9a
87,-40.0,ae082376
87,-30.0,2555ac6e
87,-20.0,5d11eb0e
87,-15.0,2563381c
87,-10.0,1877122a
87,-5.0,1877122a
87,-2.0,1877122a
87,-1.0,1877122a
87,0.0,1877122a
87,1.0,1877122a
87,2.0,651510e7
87,5.0,651510e7
87,10.0,651510e7
87,15.0,651510e7
87,20.0,651510e7
87,30.0,87854656
87,40.0,87854656
87,60.0,c9d17f9a
88,60.0,ebb67a42
88,-40.0,229bce1b
88,-30.0,229bce1b
88,-20.0,d59e8517
88,-15.0,d59e8517
88,-10.0,1877122a
88,-5.0,1877122a
88,-2.0,1877122a
88,-1.0,1877122a
88,0.0,1877122a
88,1.0,651510e7
88,2.0,651510e7
88,5.0,651510e7
88,10.0,651510e7
88,15.0,87854656
88,20.0,87854656
88,30.0,87854656
88,40.0,d9b2d4a3
88,60.0,ebb67a42
89,60.0,e0f2a8a0
89,-40.0,f89ba4c5
89,-30.0,28659e29
89,-20.0,1877122a
89,-15.0,1877122a
89,-10.0,1877122a
89,-5.0,1877122a
89,-2.0,1877122a
89,-1.0,1877122a
89,0.0,1877122a
89,1.0,1877122a
89,2.0,1877122a
89,5.0,1877122a
89,10.0,1877122a
89,15.0,1877122a
89,20.0,1877122a
89,30.0,d9b2d4a3
89,40.0,d1922430
89,60.0,e0f2a8a0
90,60.0,76e9c249
90,-40.0,3222920a
90,-30.0,d8eac583
90,-20.0,d59e8517
90,-15.0,dfbded5f
90,-10.0,dfbded5f
90,-5.0,1877122a
90,-2.0,1877122a
90,-1.0,1877122a
90,0.0,1877122a
90,1.0,651510e7
90,2.0,651510e7
90,5.0,c7ad87e3
90,10.0,c7ad87e3
90,15.0,eda501fb
90,20.0,eda501fb
90,30.0,49875fd2
90,40.0,88970c09
90,60.0,76e9c249
91,60.0,96dc7397
91,-40.0,4035a4fa
91,-30.0,061599fd
91,-20.0,a12de73e
91,-15.0,651510e7
91,-10.0,c7ad87e3
91,-5.0,c7ad87e3
91,-2.0,1877122a
91,-1.0,1877122a
91,0.0,1877122a
91,1.0,1877122a
91,2.0,1877122a
91,5.0,1877122a
91,10.0,1877122a
91,15.0,1877122a
91,20.0,1877122a
91,30.0,229bce1b
91,40.0,a6f30790
91,60.0,96dc7397
92,60.0,abdf63f1
92,-40.0,df4bfd16
92,-30.0,1877122a
92,-20.0,1877122a
92,-15.0,1877122a
92,-10.0,1877122a
92,-5.0,1877122a
92,-2.0,1877122a
92,-1.0,1877122a
92,0.0,1877122a
92,1.0,651510e7
92,2.0,651510e7
92,5.0,651510e7
92,10.0,eda501fb
92,15.0,eda501fb
92,20.0,e63adf6f
92,30.0,e63adf6f
92,40.0,84eef79c
92,60.0,abdf63f1
93,60.0,339edd97
93,-40.0,fbce84bb
93,-30.0,628d9194
93,-20.0,628d9194
93,-15.0,651510e7
93,-10.0,651510e7
93,-5.0,651510e7
93,-2.0,651510e7
93,-1.0,651510e7
93,0.0,1877122a
93,1.0,1877122a
93,2.0,1877122a
93,5.0,1877122a
93,10.0,1877122a
93,15.0,1877122a
93,20.0,dfbded5f
93,30.0,29fc1f55
93,40.0,db4fe44e
93,60.0,339edd97
94,60.0,cdc4b221
94,-40.0,6e216007
94,-30.0,1877122a
94,-20.0,1877122a
94,-15.0,1877122a
94,-10.0,1877122a
94,-5.0,1877122a
94,-2.0,1877122a
94,-1.0,1877122a
94,0.0,1877122a
94,1.0,651510e7
94,2.0,651510e7
94,5.0,651510e7
94,10.0,628d9194
94,15.0,628d9194
94,20.0,628d9194
94,30.0,4ee91390
94,40.0,e54eb885
94,60.0,cdc4b221
95,60.0,627adb4e
95,-40.0,925d2114
95,-30.0,49875fd2
95,-20.0,2563381c
95,-15.0,1877122a
95,-10.0,1877122a
95,-5.0,1877122a
95,-2.0,1877122a
95,-1.0,1877122a
95,0.0,1877122a
95,1.0,1877122a
95,2.0,1877122a
95,5.0,1877122a
95,10.0,1877122a
95,15.0,1877122a
95,20.0,441e35ee
95,30.0,441e35ee
95,40.0,441e35ee
95,60.0,627adb4e
96,60.0,f6029dbc
96,-40.0,6790678f
96,-30.0,e7d08e6b
96,-20.0,1877122a
96,-15.0,1877122a
96,-10.0,1877122a
96,-5.0,1877122a
96,-2.0,1877122a
96,-1.0,1877122a
96,0.0,1877122a
96,1.0,1877122a
96,2.0,1877122a
96,5.0,651510e7
96,10.0,651510e7
96,15.0,dfbded5f
96,20.0,dfbded5f
96,30.0,441e35ee
96,40.0,3e2ef552
96,60.0,f6029dbc
97,60.0,5cecfad2
97,-40.0,bce43cc6
97,-30.0,d0552c1c
97,-20.0,eda501fb
97,-15.0,eda501fb
97,-10.0,628d9194
97,-5.0,651510e7
97,-2.0,651510e7
97,-1.0,651510e7
97,0.0,1877122a
97,1.0,1877122a
97,2.0,1877122a
97,5.0,1877122a
97,10.0,1877122a
97,15.0,1877122a
97,20.0,1877122a
97,30.0,d9b2d4a3
97,40.0,259ba134
97,60.0,5cecfad2
98,60.0,7acce319
98,-40.0,6790678f
98,-30.0,2563381c
98,-20.0,2563381c
98,-15.0,651510e7
98,-10.0,651510e7
98,-5.0,651510e7
98,-2.0,651510e7
98,-1.0,1877122a
98,0.0,1877122a
98,1.0,1877122a
98,2.0,1877122a
98,5.0,1877122a
98,10.0,1877122a
98,15.0,1877122a
98,20.0,d9b2d4a3
98,30.0,0a327d99
98,40.0,6831a3c6
98,60.0,7acce319
99,60.0,8df6c56f
99,-40.0,508671e7
99,-30.0,399bde47
99,-20.0,229bce1b
99,-15.0,eda501fb
99,-10.0,651510e7
99,-5.0,651510e7
99,-2.0,1877122a
99,-1.0,1877122a
99,0.0,1877122a
99,1.0,1877122a
99,2.0,1877122a
99,5.0,1877122a
99,10.0,dfbded5f
99,15.0,dfbded5f
99,20.0,dfbded5f
99,30.0,441e35ee
99,40.0,8883360f
99,60.0,8df6c56f
